{
    "12": [
        [
            0.08386530594290181,
            -0.13314316920602115
        ],
        [
            0.13966718770167827,
            -0.14477057496560367
        ],
        [
            0.19624698652159672,
            -0.05272136321250222
        ],
        [
            0.1697506598783835,
            -0.0862091928407285
        ],
        [
            0.10806503078135608,
            -0.09509280951327136
        ],
        [
            -0.1532753089922945,
            -0.005185154473401871
        ],
        [
            -0.2371931670574841,
            0.14005239315224127
        ],
        [
            -0.2952845854527046,
            0.3177567830325951
        ],
        [
            -0.22678545295843802,
            0.2394644462974725
        ]
    ],
    "14": [
        [
            -0.005722009430503495,
            -0.18397786555015655
        ],
        [
            0.05513067021118623,
            -0.2016324303997436
        ],
        [
            0.1570638803951594,
            -0.05169538429287733
        ],
        [
            0.09821974352750204,
            -0.06861667578122362
        ],
        [
            0.0023027608605352187,
            -0.05197034733784004
        ],
        [
            -0.10822816287021923,
            0.01958876406936197
        ],
        [
            -0.15679323981775822,
            0.1561523306061646
        ],
        [
            -0.1439164452670914,
            0.32027939077075707
        ],
        [
            -0.11133850527240012,
            0.2521214532800816
        ]
    ],
    "16": [
        [
            0.03128307786598321,
            -0.17049521266281256
        ],
        [
            0.046917352519013085,
            -0.22206048898648015
        ],
        [
            -0.07097563685799797,
            -0.11056808769259995
        ],
        [
            -0.15869911760767094,
            -0.07735055116162765
        ],
        [
            -0.10220976279026668,
            -0.028277289746292435
        ],
        [
            0.007445436861282111,
            0.13913952306808622
        ],
        [
            0.2276735053092773,
            0.301348853994237
        ],
        [
            0.20793188892311323,
            0.23098481831830472
        ]
    ],
    "25": [
        [
            -0.16324720433108675,
            0.07164964984887126
        ],
        [
            -0.321811989849896,
            0.14856698555095746
        ],
        [
            -0.31828572465968236,
            0.15939963578466662
        ],
        [
            -0.2159137058539946,
            0.12967632691599335
        ],
        [
            0.06311127366555995,
            0.03228282839761085
        ],
        [
            0.26249526211630136,
            -0.0665116648955051
        ],
        [
            0.4344385217632414,
            -0.19812668458205274
        ],
        [
            0.48115999877955123,
            -0.32217050832245187
        ],
        [
            0.3801729322639026,
            -0.2652010353641571
        ]
    ],
    "26": [
        [
            0.018225297995202346,
            0.05060194455769801
        ],
        [
            -0.05479064448187819,
            0.038806941070892435
        ],
        [
            -0.1877513564463115,
            -0.04811130432293396
        ],
        [
            -0.30387722071319123,
            -0.18185642679409184
        ],
        [
            -0.3320637883121778,
            -0.2436450897377811
        ],
        [
            -0.13068180744322613,
            -0.0736904472339283
        ],
        [
            0.18695899294617596,
            0.08518348276193963
        ],
        [
            0.30100121963779625,
            0.1606872049698245
        ],
        [
            0.2164183051937625,
            0.1199079700565584
        ]
    ],
    "27": [
        [
            -0.19107622140563058,
            0.14185082548909275
        ],
        [
            -0.32123352470196764,
            0.22146827905791905
        ],
        [
            -0.22286227183794302,
            0.13787969315367143
        ],
        [
            -0.003350312252497243,
            0.07590750798236628
        ],
        [
            0.15203735855915426,
            -0.02724441726284583
        ],
        [
            0.3095787150483052,
            -0.19155161469897858
        ],
        [
            0.4832502449175251,
            -0.40960009854717794
        ],
        [
            0.38513637492793645,
            -0.3058379787567988
        ]
    ],
    "28": [
        [
            0.014524757975347094,
            -0.24525627520216176
        ],
        [
            -0.017635162633744133,
            0.050751216512509835
        ],
        [
            0.02750828549765029,
            0.09909914753220171
        ],
        [
            0.11506493495088174,
            0.12829040234904593
        ],
        [
            0.18069565738953278,
            0.17404275360222454
        ],
        [
            0.1422358417276416,
            0.12921768464437983
        ]
    ]
}